filename,class
997195ba.jpg,USB_Type_C
9f3f263d.jpg,USB_Type_C
1072aa7d.jpg,USB_Type_C
f8047293.jpg,USB_Type_C
3dccb562.jpg,USB_Type_C
07de759f.jpg,USB_Type_C
105a4d48.jpg,USB_Type_C
2e5161a1.jpg,USB_Type_C
e9259b87.jpg,USB_Type_C
5dba4c55.jpg,USB_Type_C
d4aad11e.jpg,USB_Type_C
901eb9ea.jpg,USB_Type_C
f322392c.jpg,USB_Type_C
98a31770.jpg,USB_Type_C
e8f68fde.jpg,USB_Type_C
b770d31b.jpg,USB_Type_C
19c03c86.jpg,USB_Type_C
566c660b.jpg,USB_Type_C
97fdcbef.jpg,USB_Type_C
d943da81.jpg,USB_Type_C
e27661c7.jpg,USB_Type_C
6c58dca3.jpg,USB_Type_C
6dd25835.jpg,USB_Type_C
19803b03.jpg,USB_Type_C
e550edea.jpg,USB_Type_C
e7f50597.jpg,USB_Type_C
53170f63.jpg,USB_Type_C
9ff47ad1.jpg,USB_Type_C
20891d89.jpg,USB_Type_C
df001e7b.jpg,USB_Type_C
8597f1e3.jpg,USB_Type_C
04bc422f.jpg,USB_Type_C
f1a5b03e.jpg,USB_Type_C
2c161e16.jpg,USB_Type_C
007bb9f0.jpg,USB_Type_C
f502688b.jpg,USB_Type_C
f19c99fb.jpg,USB_Type_C
39be946b.jpg,USB_Type_C
a6570674.jpg,USB_Type_C
680adeb3.jpg,USB_Type_C
ba75e619.jpg,USB_Type_C
103006a3.jpg,USB_Type_C
d050a7ee.jpg,USB_Type_C
47bb4e9e.jpg,USB_Type_C
6d886bba.jpg,USB_Type_C
62eb090b.jpg,USB_Type_C
3ba03660.jpg,USB_Type_C
a45b15cf.jpg,USB_Type_C
3093cd4a.jpg,USB_Type_C
47d2fef5.jpg,USB_Type_C
a3534d0d.jpg,USB_Type_C
b1abace7.jpg,USB_Type_C
88ab2405.jpg,USB_Type_C
6296b533.jpg,USB_Type_C
62134074.jpg,USB_Type_C
ccafa916.jpg,USB_Type_C
624a88a5.jpg,USB_Type_C
23cedca9.jpg,USB_Type_C
b6b8a47d.jpg,USB_Type_C
92450fa4.jpg,USB_Type_C
78ccc633.jpg,USB_Type_C
3fd7c031.jpg,USB_Type_C
dac83bb1.jpg,USB_Type_C
65ebea0a.jpg,USB_Type_C
e92395b2.jpg,USB_Type_C
31b69aaa.jpg,USB_Type_C
c6eb567d.jpg,USB_Type_C
7cff6c2a.jpg,USB_Type_C
2a3cbbdd.jpg,USB_Type_C
98dc495c.jpg,USB_Type_C
ac30b832.jpg,USB_Type_C
f8195487.jpg,USB_Type_C
bff039ee.jpg,USB_Type_C
688ba0cb.jpg,USB_Type_C
c4607b9f.jpg,USB_Type_C
627a3cc3.jpg,USB_Type_C
ccd753c8.jpg,USB_Type_C
b30bb160.jpg,USB_Type_C
972d1e28.jpg,USB_Type_C
06dd1d67.jpg,USB_Type_C
f4e91412.jpg,USB_Type_C
84cb73a9.jpg,USB_Type_C
2c4d96b4.jpg,USB_Type_C
ace35f1a.jpg,USB_Type_C
7eb3cbf0.jpg,USB_Type_C
54b8a1fc.jpg,USB_Type_C
dfeb9ade.jpg,USB_Type_C
ab6db0a9.jpg,USB_Type_C
c4fe6b6d.jpg,USB_Type_C
aa0a0708.jpg,USB_Type_C
77a767cd.jpg,USB_Type_C
42f515a7.jpg,USB_Type_C
110fa56d.jpg,USB_Type_C
7c5665f1.jpg,USB_Type_C
00e5004a.jpg,USB_Type_C
cd7461b6.jpg,USB_Type_C
926b0e15.jpg,USB_Type_C
b0cd949d.jpg,USB_Type_C
d3c74a06.jpg,USB_Type_C
be02a032.jpg,USB_Type_C
e7d1f058.jpg,USB_Type_C
16bc5236.jpg,USB_Type_C
18b2b9dc.jpg,USB_Type_C
de365c97.jpg,USB_Type_C
aa0e717e.jpg,USB_Type_C
fe5df0a3.jpg,USB_Type_C
f8e5affd.jpg,USB_Type_C
904959b9.jpg,USB_Type_C
666f3094.jpg,USB_Type_C
2fb67def.jpg,USB_Type_C
089d6b2f.jpg,USB_Type_C
7c877ba1.jpg,USB_Type_C
8746651a.jpg,USB_Type_C
276d8996.jpg,USB_Type_C
d7826181.jpg,USB_Type_C
618da674.jpg,USB_Type_C
674ae383.jpg,USB_Type_C
637d8afe.jpg,USB_Type_C
78e89c06.jpg,USB_Type_C
f644bf9e.jpg,USB_Type_C
f709f755.jpg,USB_Type_C
02a7d9f5.jpg,USB_Type_C
86c7c2b5.jpg,USB_Type_C
2d529971.jpg,USB_Type_C
cf8cdd29.jpg,USB_Type_C
b0009e7a.jpg,USB_Type_C
be60d263.jpg,USB_Type_C
047f61d3.jpg,USB_Type_C
165e7584.jpg,USB_Type_C
4e14f5a9.jpg,USB_Type_C
823ea8be.jpg,USB_Type_C
80891c5d.jpg,USB_Type_C
0bac83d1.jpg,USB_Type_C
86d36266.jpg,USB_Type_C
8bf0457e.jpg,USB_Type_C
72dbab0e.jpg,USB_Type_C
d4f61075.jpg,USB_Type_C
d4758ff4.jpg,USB_Type_C
b80cea71.jpg,USB_Type_C
dc753f41.jpg,USB_Type_C
1f65946a.jpg,USB_Type_C
91076975.jpg,USB_Type_C
d83fac64.jpg,USB_Type_C
e51d853d.jpg,USB_Type_C
3b8800cc.jpg,USB_Type_C
aad043be.jpg,USB_Type_C
be7768e1.jpg,USB_Type_C
ae2f4d68.jpg,USB_Type_C
e4ae2d5c.jpg,USB_Type_C
52afa605.jpg,USB_Type_C
62b6e02e.jpg,USB_Type_C
3dd4878e.jpg,USB_Type_C
0b0829e2.jpg,USB_Type_C
6b454452.jpg,USB_Type_C
2c313f58.jpg,USB_Type_C
94b39301.jpg,USB_Type_C
45bea171.jpg,USB_Type_C
bcef6335.jpg,USB_Type_C
3753ed36.jpg,USB_Type_C
c0e855c5.jpg,USB_Type_C
be42a510.jpg,USB_Type_C
0055471d.jpg,USB_Type_C
d266f5d6.jpg,USB_Type_C
07c903ce.jpg,USB_Type_C
4fa50ba8.jpg,USB_Type_C
e0b909c9.jpg,USB_Type_C
0b02100e.jpg,USB_Type_C
c2e7050a.jpg,USB_Type_C
36756dd7.jpg,USB_Type_C
05c9a853.jpg,USB_Type_C
070f410d.jpg,USB_Type_C
b041df3c.jpg,USB_Type_C
11f82f34.jpg,USB_Type_C
584e6896.jpg,USB_Type_C
d6a49362.jpg,USB_Type_C
a8098d79.jpg,USB_Type_C
e44a1a76.jpg,USB_Type_C
9c8fb40e.jpg,USB_Type_C
240becef.jpg,USB_Type_C
5c4473ca.jpg,USB_Type_C
774d6ab9.jpg,USB_Type_C
6dd7cb53.jpg,USB_Type_C
f2074e94.jpg,USB_Type_C
7394c93a.jpg,USB_Type_C
f0287d86.jpg,USB_Type_C
f5990033.jpg,USB_Type_C
e62fc7f4.jpg,USB_Type_C
6b7439e6.jpg,USB_Type_C
57a70e9d.jpg,USB_Type_C
1bfac07f.jpg,USB_Type_C
e2466cda.jpg,USB_Type_C
f5f31fbe.jpg,USB_Type_C
44bebbe3.jpg,USB_Type_C
4c5438f4.jpg,USB_Type_C
665b4bd9.jpg,USB_Type_C
5b827840.jpg,USB_Type_C
fc0b708c.jpg,USB_Type_C
590417dc.jpg,USB_Type_C
6023019c.jpg,USB_Type_C
ec2cbe71.jpg,USB_Type_C
22d6ed33.jpg,USB_Type_C
5c1b3c01.jpg,USB_Type_C
143e3d54.jpg,USB_Type_C
f4df948c.jpg,USB_Type_C
fe48d6db.jpg,USB_Type_C
82afce17.jpg,USB_Type_C
0bf85f8f.jpg,USB_Type_C
6b859cbb.jpg,USB_Type_C
26ab8360.jpg,USB_Type_C
32ae7092.jpg,USB_Type_C
6aa9eaa7.jpg,USB_Type_C
19bdaa29.jpg,USB_Type_C
4596fcf2.jpg,USB_Type_C
19c378fd.jpg,USB_Type_C
3ffe579e.jpg,USB_Type_C
d30217b6.jpg,USB_Type_C
f0f4d0d8.jpg,USB_Type_C
f0143c0f.jpg,USB_Type_C
411b255e.jpg,USB_Type_C
5a8d23e9.jpg,USB_Type_C
626b04e1.jpg,USB_Type_C
e0b1254c.jpg,USB_Type_C
d02601af.jpg,USB_Type_C
2539b1fe.jpg,USB_Type_C
ae9fb1b2.jpg,USB_Type_C
db8244b6.jpg,USB_Type_C
23c8e3a7.jpg,USB_Type_C
6c35a0cb.jpg,USB_Type_C
7e12ef6a.jpg,USB_Type_C
8adb2956.jpg,USB_Type_C
2b5afc8a.jpg,USB_Type_C
5d386cc7.jpg,USB_Type_C
d84136ed.jpg,USB_Type_C
9abf8b2e.jpg,USB_Type_C
66115b77.jpg,USB_Type_C
344cca50.jpg,USB_Type_C
c79e816b.jpg,USB_Type_C
bfe790c1.jpg,USB_Type_C
b858460b.jpg,USB_Type_C
f223bccd.jpg,USB_Type_C
df5b14c4.jpg,USB_Type_C
cdf0e49e.jpg,USB_Type_C
eb72d6ef.jpg,USB_Type_C
edbb5523.jpg,USB_Type_C
7a9eef51.jpg,USB_Type_C
2616d2c0.jpg,USB_Type_C
a6a45099.jpg,USB_Type_C
87197b95.jpg,USB_Type_C
c59f438f.jpg,USB_Type_C
7221b780.jpg,USB_Type_C
4cf95d14.jpg,USB_Type_C
df7bcde8.jpg,USB_Type_C
7894c77c.jpg,USB_Type_C
f8257578.jpg,USB_Type_C
f1adcb66.jpg,USB_Type_C
b777f0d2.jpg,USB_Type_C
d9e62be4.jpg,USB_Type_C
aa273a29.jpg,USB_Type_C
30314a2d.jpg,USB_Type_C
b3d251ae.jpg,USB_Type_C
65aaba9d.jpg,USB_Type_C
099f89c2.jpg,USB_Type_C
9fec633b.jpg,USB_Type_C
647711bd.jpg,USB_Type_C
136c3808.jpg,USB_Type_C
2d7ddcd4.jpg,USB_Type_C
dbf38014.jpg,USB_Type_C
0612c461.jpg,USB_Type_C
ebdbdc24.jpg,USB_Type_C
6798cf37.jpg,USB_Type_C
b745dc21.jpg,USB_Type_C
e9edefad.jpg,USB_Type_C
1fec0ea0.jpg,USB_Type_C
88a96b29.jpg,USB_Type_C
033e21c3.jpg,USB_Type_C
31406b7e.jpg,USB_Type_C
bec24002.jpg,USB_Type_C
16d359df.jpg,USB_Type_C
08c048c2.jpg,USB_Type_C
3bb7a236.jpg,USB_Type_C
e1d16392.jpg,USB_Type_C
f334f8fe.jpg,USB_Type_C
bd453fe5.jpg,USB_Type_C
40a1f25b.jpg,USB_Type_C
8a7cfae5.jpg,USB_Type_C
8ed062f0.jpg,USB_Type_C
d44f0a3a.jpg,USB_Type_C
70f0224f.jpg,USB_Type_C
f9b4948c.jpg,USB_Type_C
57521d95.jpg,USB_Type_C
ef9f82e4.jpg,USB_Type_C
2ed6761c.jpg,USB_Type_C
d88efaf7.jpg,USB_Type_C
6174fe58.jpg,USB_Type_C
3b853121.jpg,USB_Type_C
ee1738c7.jpg,USB_Type_C
56b296e2.jpg,USB_Type_C
6a98afad.jpg,USB_Type_C
fc612ab0.jpg,USB_Type_C
91e25df3.jpg,USB_Type_C
748f3cfa.jpg,USB_Type_C
92d07fe9.jpg,USB_Type_C
ea840312.jpg,USB_Type_C
4a999df5.jpg,USB_Type_C
70eecd73.jpg,USB_Type_C
05e76bca.jpg,USB_Type_C
a6505910.jpg,USB_Type_C
70e759ac.jpg,USB_Type_C
f38df786.jpg,USB_Type_C
240a8d86.jpg,USB_Type_C
3d5029ef.jpg,USB_Type_C
f69069b7.jpg,USB_Type_C
f1f4b0e9.jpg,USB_Type_C
c53b03c6.jpg,USB_Type_C
929c524a.jpg,USB_Type_C
15b79601.jpg,USB_Type_C
137bca45.jpg,USB_Type_C
b2c2eaf2.jpg,USB_Type_C
871cc51f.jpg,USB_Type_C
5675b0f0.jpg,USB_Type_C
025f8e0f.jpg,USB_Type_C
a855a483.jpg,USB_Type_C
b867324a.jpg,USB_Type_C
bfc07236.jpg,USB_Type_C
aa3bffa4.jpg,USB_Type_C
cae0adc6.jpg,USB_Type_C
847128eb.jpg,USB_Type_C
47abf82b.jpg,USB_Type_C
a85b8ef2.jpg,USB_Type_C
7be41cb3.jpg,USB_Type_C
b0dd537a.jpg,USB_Type_C
a9f544fb.jpg,USB_Type_C
b76d7a9a.jpg,USB_Type_C
092dd415.jpg,USB_Type_C
8293ec60.jpg,USB_Type_C
75d56819.jpg,USB_Type_C
0fb64c26.jpg,USB_Type_C
0a15a807.jpg,USB_Type_C
66e3d2ac.jpg,USB_Type_C
229be2d7.jpg,USB_Type_C
f3144649.jpg,USB_Type_C
b6f62d20.jpg,USB_Type_C
f9b7214e.jpg,USB_Type_C
b24b2956.jpg,USB_Type_C
d5fafe28.jpg,USB_Type_C
959f3b93.jpg,USB_Type_C
943cbef5.jpg,USB_Type_C
71a0b1ec.jpg,USB_Type_C
97afd113.jpg,USB_Type_C
78b776c8.jpg,USB_Type_C
04d69956.jpg,USB_Type_C
ef01d9c7.jpg,USB_Type_C
10dc03a5.jpg,USB_Type_C
79b9ca14.jpg,USB_Type_C
27df849c.jpg,USB_Type_C
b301de05.jpg,USB_Type_C
945c7f6e.jpg,USB_Type_C
60049b34.jpg,USB_Type_C
0cf9d026.jpg,USB_Type_C
6c2787d1.jpg,USB_Type_C
9f88dcfe.jpg,USB_Type_C
77d97282.jpg,USB_Type_C
b2b20c1a.jpg,USB_Type_C
903198d7.jpg,USB_Type_C
fdd42eaa.jpg,USB_Type_C
44592b77.jpg,USB_Type_C
670bf741.jpg,USB_Type_C
cf7542e3.jpg,USB_Type_C
18d7b40c.jpg,USB_Type_C
14bc33c0.jpg,USB_Type_C
2e4fae5e.jpg,USB_Type_C
88a15fac.jpg,USB_Type_C
c6ca46cb.jpg,USB_Type_C
761893cc.jpg,USB_Type_C
ffeace36.jpg,USB_Type_C
0da75e0c.jpg,USB_Type_C
e49e2453.jpg,USB_Type_C
4e743b45.jpg,USB_Type_C
bdefb4a5.jpg,USB_Type_C
39cff4eb.jpg,USB_Type_C
8f78654a.jpg,USB_Type_C
0838ee0d.jpg,USB_Type_C
574d87d7.jpg,USB_Type_C
f89b1611.jpg,USB_Type_C
4af95edf.jpg,USB_Type_C
31d1c357.jpg,USB_Type_C
ba846ba4.jpg,USB_Type_C
07740fab.jpg,USB_Type_C
a88740ae.jpg,USB_Type_C
80335c1f.jpg,USB_Type_C
56c9a891.jpg,USB_Type_C
915221c5.jpg,USB_Type_C
311c685e.jpg,USB_Type_C
641db3bc.jpg,USB_Type_C
f91fc71f.jpg,USB_Type_C
9f34c271.jpg,USB_Type_C
02d9e4ba.jpg,USB_Type_C
cc85c37c.jpg,USB_Type_C
ff488d42.jpg,USB_Type_C
24a8e274.jpg,USB_Type_C
3d07b06a.jpg,USB_Type_C
1fe32635.jpg,USB_Type_C
77e359e4.jpg,USB_Type_C
214538a7.jpg,USB_Type_C
424b10b7.jpg,USB_Type_C
640dad79.jpg,USB_Type_C
a0010443.jpg,USB_Type_C
8f7ecfeb.jpg,USB_Type_C
713cbbbc.jpg,USB_Type_C
d262a008.jpg,USB_Type_C
cd6f3117.jpg,USB_Type_C
1a523a39.jpg,USB_Type_C
138bfa99.jpg,USB_Type_C
3d8faf78.jpg,USB_Type_C
c55d1110.jpg,USB_Type_C
42254207.jpg,USB_Type_C
6080687c.jpg,USB_Type_C
35d33e5f.jpg,USB_Type_C
16a0c5ab.jpg,USB_Type_C
4e9bc236.jpg,USB_Type_C
e8001139.jpg,USB_Type_C
70583edb.jpg,USB_Type_C
204da20c.jpg,USB_Type_C
36e9bae8.jpg,USB_Type_C
226a90d6.jpg,USB_Type_C
eeb80c02.jpg,USB_Type_C
bf4a97bd.jpg,USB_Type_C
864dfaa6.jpg,USB_Type_C
37dfea17.jpg,USB_Type_C
fe7104ae.jpg,USB_Type_C
88afeab1.jpg,USB_Type_C
0f513511.jpg,USB_Type_C
94a151a7.jpg,USB_Type_C
d6758b15.jpg,USB_Type_C
08c4abe1.jpg,USB_Type_C
bdcc8eee.jpg,USB_Type_C
73e47770.jpg,USB_Type_C
d1050bc4.jpg,USB_Type_C
1b47bcdc.jpg,USB_Type_C
9efe6bb0.jpg,USB_Type_C
550b4484.jpg,USB_Type_C
38fb740d.jpg,USB_Type_C
672e0e61.jpg,USB_Type_C
3d21fff7.jpg,USB_Type_C
c9c35aab.jpg,USB_Type_C
f5e3c296.jpg,USB_Type_C
b382d571.jpg,USB_Type_C
d4bd71ee.jpg,USB_Type_C
99c607c3.jpg,USB_Type_C
1fcabbbe.jpg,USB_Type_C
5825f1c4.jpg,USB_Type_C
972e2ce8.jpg,USB_Type_C
8e172c40.jpg,USB_Type_C
5884ccb3.jpg,USB_Type_C
b33722a4.jpg,USB_Type_C
ec03ee0b.jpg,USB_Type_C
9fec1108.jpg,USB_Type_C
394069cf.jpg,USB_Type_C
5da3cb5e.jpg,USB_Type_C
dac358f8.jpg,USB_Type_C
033d9157.jpg,USB_Type_C
39601b99.jpg,USB_Type_C
59316e7b.jpg,USB_Type_C
ba51542e.jpg,USB_Type_C
bd50900d.jpg,USB_Type_C
874ed629.jpg,USB_Type_C
4a93457c.jpg,USB_Type_C
2e80f496.jpg,USB_Type_C
c58c7cd0.jpg,USB_Type_C
964411c8.jpg,USB_Type_C
f1ece3b0.jpg,USB_Type_C
b996521b.jpg,USB_Type_C
5b758ad6.jpg,USB_Type_C
3350f551.jpg,USB_Type_C
0124eabe.jpg,USB_Type_C
04e48ac7.jpg,USB_Type_C
dcc4b2fc.jpg,USB_Type_C
13dcb66d.jpg,USB_Type_C
bc8ec578.jpg,USB_Type_C
4dc8d8da.jpg,USB_Type_C
10f3cad2.jpg,USB_Type_C
16b10e4a.jpg,USB_Type_C
2f6543dc.jpg,USB_Type_C
6edda2b2.jpg,USB_Type_C
e67609a8.jpg,USB_Type_C
5725a8a0.jpg,USB_Type_C
fa22eece.jpg,USB_Type_C
53adbfe0.jpg,USB_Type_C
66b46779.jpg,USB_Type_C
b23d7cbf.jpg,USB_Type_C
b19958b8.jpg,USB_Type_C
fef22fe6.jpg,USB_Type_C
7699f99f.jpg,USB_Type_C
8f6cda52.jpg,USB_Type_C
30c3cfd7.jpg,USB_Type_C
35b16d15.jpg,USB_Type_C
49d47c56.jpg,USB_Type_C
3bb9513e.jpg,USB_Type_C
6f35cdf7.jpg,USB_Type_C
bc9df4f8.jpg,USB_Type_C
696561fc.jpg,USB_Type_C
51718e52.jpg,USB_Type_C
6ef1e690.jpg,USB_Type_C
9c563b54.jpg,USB_Type_C
34cdd525.jpg,USB_Type_C
71ecfa24.jpg,USB_Type_C
d1dadbec.jpg,USB_Type_C
0841776b.jpg,USB_Type_C
c3e64604.jpg,USB_Type_C
8fec47b1.jpg,USB_Type_C
ffc8ada2.jpg,USB_Type_C
ce861967.jpg,USB_Type_C
8d2617d6.jpg,USB_Type_C
8770edb5.jpg,USB_Type_C
97297e18.jpg,USB_Type_C
861696e5.jpg,USB_Type_C
e95aa79c.jpg,USB_Type_C
736231f4.jpg,USB_Type_C
baf23cd1.jpg,USB_Type_C
99e095af.jpg,USB_Type_C
742746b8.jpg,USB_Type_C
c92f293f.jpg,USB_Type_C
cf6d3750.jpg,USB_Type_C
c59fc5a4.jpg,USB_Type_C
6653d55e.jpg,USB_Type_C
136e34f9.jpg,USB_Type_C
65acd6ad.jpg,USB_Type_C
7670cfb6.jpg,USB_Type_C
3ecb6217.jpg,USB_Type_C
fc6ff81a.jpg,USB_Type_C
786cc3ab.jpg,USB_Type_C
ac1f1175.jpg,USB_Type_C
f60132f6.jpg,USB_Type_C
1b023db7.jpg,USB_Type_C
b0500d3f.jpg,USB_Type_C
618b4b2f.jpg,USB_Type_C
677aa0a2.jpg,USB_Type_C
3cbc98a6.jpg,USB_Type_C
22cef979.jpg,USB_Type_C
732394c9.jpg,USB_Type_C
0dac761b.jpg,USB_Type_C
1ab4c857.jpg,USB_Type_C
835ca4af.jpg,USB_Type_C
7e7f35ea.jpg,USB_Type_C
c514d648.jpg,USB_Type_C
72b72344.jpg,USB_Type_C
5a138a4d.jpg,USB_Type_C
cc0d6bb6.jpg,USB_Type_C
55f96e4d.jpg,USB_Type_C
7536db66.jpg,USB_Type_C
458f48d8.jpg,USB_Type_C
3c29c2a1.jpg,USB_Type_C
ac9cd720.jpg,USB_Type_C
7ab1ea74.jpg,USB_Type_C
49b64d49.jpg,USB_Type_C
0bf5f896.jpg,USB_Type_C
1740f869.jpg,USB_Type_C
1a7918b7.jpg,USB_Type_C
b163e13f.jpg,USB_Type_C
2ce7089b.jpg,USB_Type_C
3b43a62b.jpg,USB_Type_C
528b7a40.jpg,USB_Type_C
e44e10fc.jpg,USB_Type_C
f4808239.jpg,USB_Type_C
07820809.jpg,USB_Type_C
46d4b8ad.jpg,USB_Type_C
1525fde2.jpg,USB_Type_C
62eb10ce.jpg,USB_Type_C
77efbeb2.jpg,USB_Type_C
11720675.jpg,USB_Type_C
6eb290ca.jpg,USB_Type_C
da10e028.jpg,USB_Type_C
06c6b3b1.jpg,USB_Type_C
7d6f7382.jpg,USB_Type_C
835159c5.jpg,USB_Type_C
98c17353.jpg,USB_Type_C
c05b79d9.jpg,USB_Type_C
dd073026.jpg,USB_Type_C
50c9cbde.jpg,USB_Type_C
1ea59575.jpg,USB_Type_C
76506702.jpg,USB_Type_C
ccb2a502.jpg,USB_Type_C
f986a473.jpg,USB_Type_C
54e8ae4b.jpg,USB_Type_C
dd4b93d5.jpg,USB_Type_C
f2b1ad0b.jpg,USB_Type_C
8f49b1bc.jpg,USB_Type_C
4a514c08.jpg,USB_Type_C
bcec7283.jpg,USB_Type_C
30afd706.jpg,USB_Type_C
d7209b90.jpg,USB_Type_C
a2fd53e8.jpg,USB_Type_C
848e3fb8.jpg,USB_Type_C
7c520a66.jpg,USB_Type_C
3cb4f294.jpg,USB_Type_C
106816e5.jpg,USB_Type_C
23db4884.jpg,USB_Type_C
b6a6ee19.jpg,USB_Type_C
fe16263b.jpg,USB_Type_C
a9805ef9.jpg,USB_Type_C
87d4d741.jpg,USB_Type_C
1cfc0e72.jpg,USB_Type_C
219e8b25.jpg,USB_Type_C
03231a89.jpg,USB_Type_C
a317919b.jpg,USB_Type_C
bd21d2b7.jpg,USB_Type_C
0c8ec162.jpg,USB_Type_C
210ed295.jpg,USB_Type_C
26adad3a.jpg,USB_Type_C
01d0e62a.jpg,USB_Type_C
7a752682.jpg,USB_Type_C
a18b5554.jpg,USB_Type_C
134ccc3d.jpg,USB_Type_C
2e7586ca.jpg,USB_Type_C
56fdd26b.jpg,USB_Type_C
bd26cc4a.jpg,USB_Type_C
8bf5d984.jpg,USB_Type_C
c0a56c7d.jpg,USB_Type_C
2446f0b1.jpg,USB_Type_C
c045ed00.jpg,USB_Type_C
bd5ffa67.jpg,USB_Type_C
02be6761.jpg,USB_Type_C
969d5bc8.jpg,USB_Type_C
d9adc0ef.jpg,USB_Type_C
ef7402ce.jpg,USB_Type_C
df403dc0.jpg,USB_Type_C
b23ae8b6.jpg,USB_Type_C
67159986.jpg,USB_Type_C
171c6f4d.jpg,USB_Type_C
4d872d8a.jpg,USB_Type_C
41bee82c.jpg,USB_Type_C
ca60f87c.jpg,USB_Type_C
f99c189c.jpg,USB_Type_C
a7b71523.jpg,USB_Type_C
7e83db41.jpg,USB_Type_C
8e8e7d44.jpg,USB_Type_C
30814e30.jpg,USB_Type_C
0c551c62.jpg,USB_Type_C
f222de74.jpg,USB_Type_C
b484c8b5.jpg,USB_Type_C
3183f44c.jpg,USB_Type_C
3348e5b3.jpg,USB_Type_C
8a993b22.jpg,USB_Type_C
aebd65c9.jpg,USB_Type_C
87d701f9.jpg,USB_Type_C
a27fe0bf.jpg,USB_Type_C
991d584e.jpg,USB_Type_C
77005411.jpg,USB_Type_C
09ecbcfd.jpg,USB_Type_C
b3f3b8b4.jpg,USB_Type_C
7da68cc4.jpg,USB_Type_C
45907f9b.jpg,USB_Type_C
226674fc.jpg,USB_Type_C
e2868b27.jpg,USB_Type_C
d9ce83cc.jpg,USB_Type_C
195a93d4.jpg,USB_Type_C
fe8f16a4.jpg,USB_Type_C
f6af1353.jpg,USB_Type_C
c0e44eee.jpg,USB_Type_C
71a15903.jpg,USB_Type_C
0c21ef17.jpg,USB_Type_C
1c0021eb.jpg,USB_Type_C
54409a01.jpg,USB_Type_C
5896935f.jpg,USB_Type_C
4f6a7e2f.jpg,USB_Type_C
5d734055.jpg,USB_Type_C
97b8df60.jpg,USB_Type_C
92c96692.jpg,USB_Type_C
c086d47a.jpg,USB_Type_C
bec37643.jpg,USB_Type_C
a7827004.jpg,USB_Type_C
0f20d3c0.jpg,USB_Type_C
4e191b8a.jpg,USB_Type_C
82358c18.jpg,USB_Type_C
91c43e4d.jpg,USB_Type_C
5b5307b0.jpg,USB_Type_C
05170002.jpg,USB_Type_C
b630babc.jpg,USB_Type_C
6db23658.jpg,USB_Type_C
d70eb324.jpg,USB_Type_C
05d6627d.jpg,USB_Type_C
849c8dc0.jpg,USB_Type_C
f98daa7f.jpg,USB_Type_C
165f4089.jpg,USB_Type_C
2bb006b6.jpg,USB_Type_C
690c4db0.jpg,USB_Type_C
03ca1c32.jpg,USB_Type_C
883e208b.jpg,USB_Type_C
519eb431.jpg,USB_Type_C
a93adca4.jpg,USB_Type_C
beb56a1c.jpg,USB_Type_C
1c457122.jpg,USB_Type_C
e96d1263.jpg,USB_Type_C
ba7552f4.jpg,USB_Type_C
1a26fdc8.jpg,USB_Type_C
0a2e7ebf.jpg,USB_Type_C
85cbbd52.jpg,USB_Type_C
afae3214.jpg,USB_Type_C
223756b4.jpg,USB_Type_C
81b3cf4b.jpg,USB_Type_C
88faa9b4.jpg,USB_Type_C
6efed5b4.jpg,USB_Type_C
1be66362.jpg,USB_Type_C
ac1a5eac.jpg,USB_Type_C
6cba4409.jpg,USB_Type_C
abcb3b74.jpg,USB_Type_C
15930d8c.jpg,USB_Type_C
dc4f7dab.jpg,USB_Type_C
d11dffa1.jpg,USB_Type_C
b86c546f.jpg,USB_Type_C
678ae702.jpg,USB_Type_C
82edc0d5.jpg,USB_Type_C
bc9e1b2d.jpg,USB_Type_C
559270f1.jpg,USB_Type_C
3275789f.jpg,USB_Type_C
dc1cdc6e.jpg,USB_Type_C
6a868b51.jpg,USB_Type_C
54a97c7a.jpg,USB_Type_C
a8d2de09.jpg,USB_Type_C
85d9ac31.jpg,USB_Type_C
784610d3.jpg,USB_Type_C
f85f52cd.jpg,USB_Type_C
f6e6b8ab.jpg,USB_Type_C
f41be124.jpg,USB_Type_C
7eadb7d2.jpg,USB_Type_C
cdb456f8.jpg,USB_Type_C
8bf5b76e.jpg,USB_Type_C
14cc326f.jpg,USB_Type_C
4e2717b5.jpg,USB_Type_C
c78d87f5.jpg,USB_Type_C
457ee5fe.jpg,USB_Type_C
563c9ff2.jpg,USB_Type_C
9f6fe9fe.jpg,USB_Type_C
654a1fa1.jpg,USB_Type_C
901e2b7d.jpg,USB_Type_C
e5cb520f.jpg,USB_Type_C
7d04e37b.jpg,USB_Type_C
d38e2c5c.jpg,USB_Type_C
f4067a1e.jpg,USB_Type_C
f765e6cd.jpg,USB_Type_C
3250919d.jpg,USB_Type_C
e1d3807f.jpg,USB_Type_C
23da7cbd.jpg,USB_Type_C
bd232492.jpg,USB_Type_C
8fab5b1e.jpg,USB_Type_C
1e675c77.jpg,USB_Type_C
702b7185.jpg,USB_Type_C
e2310acf.jpg,USB_Type_C
b2d3f6f5.jpg,USB_Type_C
7c776311.jpg,USB_Type_C
7825b394.jpg,USB_Type_C
ed242cb2.jpg,USB_Type_C
8a851b82.jpg,USB_Type_C
fc2a469f.jpg,USB_Type_C
e44396c4.jpg,USB_Type_C
940a01e9.jpg,USB_Type_C
8498cfe1.jpg,USB_Type_C
94e43b53.jpg,USB_Type_C
08c0c631.jpg,USB_Type_C
ab873c41.jpg,USB_Type_C
cc54f09b.jpg,USB_Type_C
5ff1a111.jpg,USB_Type_C
c0159886.jpg,USB_Type_C
e3a25987.jpg,USB_Type_C
35c95bf7.jpg,USB_Type_C
4bbad7fe.jpg,USB_Type_C
4de75f76.jpg,USB_Type_C
8f156dbf.jpg,USB_Type_C
4fb2dcff.jpg,USB_Type_C
f911d0fe.jpg,USB_Type_C
8c35b2b8.jpg,USB_Type_C
76c3d2b6.jpg,USB_Type_C
6817f082.jpg,USB_Type_C
762ee53f.jpg,USB_Type_C
25b0ba2e.jpg,USB_Type_C
7fadbcbd.jpg,USB_Type_C
ffca1716.jpg,USB_Type_C
63d4119d.jpg,USB_Type_C
e5940ff0.jpg,USB_Type_C
024f281d.jpg,USB_Type_C
e998d857.jpg,USB_Type_C
c5752834.jpg,USB_Type_C
6ff718c7.jpg,USB_Type_C
ab5c9402.jpg,USB_Type_C
2df0e8de.jpg,USB_Type_C
f0dc74b0.jpg,USB_Type_C
bbcea546.jpg,USB_Type_C
b0f14e5f.jpg,USB_Type_C
64cd896a.jpg,USB_Type_C
a04f132c.jpg,USB_Type_C
d7479ffb.jpg,USB_Type_C
e75efcea.jpg,USB_Type_C
5a40fb34.jpg,USB_Type_C
8f49fe8a.jpg,USB_Type_C
70349624.jpg,USB_Type_C
4c05a0d4.jpg,USB_Type_C
eb1e5e26.jpg,USB_Type_C
ab7a9032.jpg,USB_Type_C
4a01ae2c.jpg,USB_Type_C
0e74a97e.jpg,USB_Type_C
74c49298.jpg,USB_Type_C
85bda77b.jpg,USB_Type_C
9a818285.jpg,USB_Type_C
7aade54b.jpg,USB_Type_C
e8f98f01.jpg,USB_Type_C
d4d37d59.jpg,USB_Type_C
4674f076.jpg,USB_Type_C
c279a17c.jpg,USB_Type_C
a2f522d3.jpg,USB_Type_C
4395e6c1.jpg,USB_Type_C
ff0db962.jpg,USB_Type_C
2b6255b2.jpg,USB_Type_C
0e74f3e3.jpg,USB_Type_C
999a1c49.jpg,USB_Type_C
0fa55212.jpg,USB_Type_C
2ab5e84f.jpg,USB_Type_C
fbb0acfb.jpg,USB_Type_C
b9606df4.jpg,USB_Type_C
6e7dcabf.jpg,USB_Type_C
112a779f.jpg,USB_Type_C
b8db3dee.jpg,USB_Type_C
cd935b7a.jpg,USB_Type_C
66363b24.jpg,USB_Type_C
c7bfff5d.jpg,USB_Type_C
297219e7.jpg,USB_Type_C
a8faac45.jpg,USB_Type_C
5c0af5de.jpg,USB_Type_C
c1f330d0.jpg,USB_Type_C
807bf787.jpg,USB_Type_C
a61ed520.jpg,USB_Type_C
c4876de4.jpg,USB_Type_C
423359e0.jpg,USB_Type_C
0bc496be.jpg,USB_Type_C
f9ae7cd2.jpg,USB_Type_C
5769adbd.jpg,USB_Type_C
75ca383d.jpg,USB_Type_C
81792906.jpg,USB_Type_C
9ffed998.jpg,USB_Type_C
d742ee1f.jpg,USB_Type_C
1dce0fde.jpg,USB_Type_C
6bfc3128.jpg,USB_Type_C
5a72f009.jpg,USB_Type_C
daa26812.jpg,USB_Type_C
8f9482d7.jpg,USB_Type_C
b5994595.jpg,USB_Type_C
885332b7.jpg,USB_Type_C
d755c8bc.jpg,USB_Type_C
08f28a84.jpg,USB_Type_C
7bd100e9.jpg,USB_Type_C
94c6f22b.jpg,USB_Type_C
093edcd6.jpg,USB_Type_C
99ac17d9.jpg,USB_Type_C
b4b56103.jpg,USB_Type_C
c5067bcb.jpg,USB_Type_C
81d08c8e.jpg,USB_Type_C
2cca9621.jpg,USB_Type_C
ac9a747f.jpg,USB_Type_C
3366cbd9.jpg,USB_Type_C
50f3c08f.jpg,USB_Type_C
8f59d6d0.jpg,USB_Type_C
8f8f2b1c.jpg,USB_Type_C
e31b2575.jpg,USB_Type_C
91b8107c.jpg,USB_Type_C
19f74067.jpg,USB_Type_C
75ebf305.jpg,USB_Type_C
5f0e1cb8.jpg,USB_Type_C
01b06eff.jpg,USB_Type_C
69f5ac79.jpg,USB_Type_C
b57a8102.jpg,USB_Type_C
3ae3ddb3.jpg,USB_Type_C
29e03cf0.jpg,USB_Type_C
f0c232dc.jpg,USB_Type_C
607081ed.jpg,USB_Type_C
ee4e410c.jpg,USB_Type_C
e5f4b224.jpg,USB_Type_C
cf482388.jpg,USB_Type_C
f2192af8.jpg,USB_Type_C
42f168c6.jpg,USB_Type_C
b99f5dab.jpg,USB_Type_C
85862dbb.jpg,USB_Type_C
8315a6b1.jpg,USB_Type_C
4891caa7.jpg,USB_Type_C
9dc49dc1.jpg,USB_Type_C
be4f4b16.jpg,USB_Type_C
d41c8b41.jpg,USB_Type_C
1c879757.jpg,USB_Type_C
0bcbf7c3.jpg,USB_Type_C
0e05fcf5.jpg,USB_Type_C
186ae1f9.jpg,USB_Type_C
d1fd98f2.jpg,USB_Type_C
4c0dd8c3.jpg,USB_Type_C
47a75f17.jpg,USB_Type_C
8b1b880d.jpg,USB_Type_C
b608ba87.jpg,USB_Type_C
23fd0d78.jpg,USB_Type_C
5b0744b8.jpg,USB_Type_C
51eb691e.jpg,USB_Type_C
4ed6af94.jpg,USB_Type_C
b1f42370.jpg,USB_Type_C
00fb615b.jpg,USB_Type_C
9a560c41.jpg,USB_Type_C
d0a50d26.jpg,USB_Type_C
5e12fecf.jpg,USB_Type_C
883bde73.jpg,USB_Type_C
cd677da2.jpg,USB_Type_C
3855328d.jpg,USB_Type_C
d3e55956.jpg,USB_Type_C
7cec036a.jpg,USB_Type_C
da4b4dff.jpg,USB_Type_C
3f26fa94.jpg,USB_Type_C
dad11be2.jpg,USB_Type_C
7d84a9ed.jpg,USB_Type_C
8e0dcd78.jpg,USB_Type_C
8b8d92de.jpg,USB_Type_C
c08a1a26.jpg,USB_Type_C
df7276b5.jpg,USB_Type_C
ea4c5d4d.jpg,USB_Type_C
be569a9d.jpg,USB_Type_C
654c495a.jpg,USB_Type_C
8cce1034.jpg,USB_Type_C
b76251f6.jpg,USB_Type_C
8ca01451.jpg,USB_Type_C
51729bc3.jpg,USB_Type_C
220c2ca8.jpg,USB_Type_C
8a8d000e.jpg,USB_Type_C
6f7eceea.jpg,USB_Type_C
4467087e.jpg,USB_Type_C
84b1ac76.jpg,USB_Type_C
3839ec7a.jpg,USB_Type_C
b947e835.jpg,USB_Type_C
3050fd91.jpg,USB_Type_C
88be6527.jpg,USB_Type_C
2d59bbbb.jpg,USB_Type_C
a590c9fa.jpg,USB_Type_C
f7d75fbe.jpg,USB_Type_C
b9b9101a.jpg,USB_Type_C
70b1a1b3.jpg,USB_Type_C
afee5440.jpg,USB_Type_C
c90117a8.jpg,USB_Type_C
bb596efa.jpg,USB_Type_C
e1e2efca.jpg,USB_Type_C
659a8250.jpg,USB_Type_C
af3b1cab.jpg,USB_Type_C
42ce7d82.jpg,USB_Type_C
d130a946.jpg,USB_Type_C
7b21f45f.jpg,USB_Type_C
72ec0c24.jpg,USB_Type_C
fa0f652b.jpg,USB_Type_C
7c78c0c8.jpg,USB_Type_C
44e96b0d.jpg,USB_Type_C
dd077522.jpg,USB_Type_C
92fc4b87.jpg,USB_Type_C
b6be463f.jpg,USB_Type_C
827050ef.jpg,USB_Type_C
f49b714c.jpg,USB_Type_C
f67d8d45.jpg,USB_Type_C
48cd7860.jpg,USB_Type_C
6ac10f60.jpg,USB_Type_C
f2fc8d2a.jpg,USB_Type_C
6f49b07c.jpg,USB_Type_C
ac98dd83.jpg,USB_Type_C
a6f99abe.jpg,USB_Type_C
16ecc826.jpg,USB_Type_C
00a34678.jpg,USB_Type_C
71e38ac3.jpg,USB_Type_C
112278e1.jpg,USB_Type_C
22fb7dcd.jpg,USB_Type_C
78a59b56.jpg,USB_Type_C
8f97bed7.jpg,USB_Type_C
1e05e94f.jpg,USB_Type_C
ea37901e.jpg,USB_Type_C
fb126367.jpg,USB_Type_C
63cbd51a.jpg,USB_Type_C
cdbfcca6.jpg,USB_Type_C
25f3b8d7.jpg,USB_Type_C
2c3da60c.jpg,USB_Type_C
295da4bd.jpg,USB_Type_C
1bde51d3.jpg,USB_Type_C
f7afe154.jpg,USB_Type_C
9024c0f0.jpg,USB_Type_C
ab7001df.jpg,USB_Type_C
f30c80f1.jpg,USB_Type_C
a9e1bff2.jpg,USB_Type_C
0e3cdfe7.jpg,USB_Type_C
8dae77b9.jpg,USB_Type_C
d0a8b0a0.jpg,USB_Type_C
e96d2e15.jpg,USB_Type_C
2cfbedf5.jpg,USB_Type_C
c4f53134.jpg,USB_Type_C
087eedfb.jpg,USB_Type_C
b9f24b9a.jpg,USB_Type_C
daeb96ce.jpg,USB_Type_C
910eb29d.jpg,USB_Type_C
9852ea41.jpg,USB_Type_C
bc7b71ca.jpg,USB_Type_C
b0f59ce1.jpg,USB_Type_C
7cb0717f.jpg,USB_Type_C
d015f6f3.jpg,USB_Type_C
ae600b4e.jpg,USB_Type_C
9f72a096.jpg,USB_Type_C
431543f6.jpg,USB_Type_C
493daeab.jpg,USB_Type_C
36b90715.jpg,USB_Type_C
377e7eda.jpg,USB_Type_C
986158ef.jpg,USB_Type_C
cfc8f14d.jpg,USB_Type_C
86d3b0ca.jpg,USB_Type_C
5a206575.jpg,USB_Type_C
d2022f65.jpg,USB_Type_C
249bf742.jpg,USB_Type_C
6d19021e.jpg,USB_Type_C
fbdf2bdc.jpg,USB_Type_C
cb936339.jpg,USB_Type_C
ea73b925.jpg,USB_Type_C
e2863825.jpg,USB_Type_C
73bdd170.jpg,USB_Type_C
0b178e2a.jpg,USB_Type_C
e3f6efd7.jpg,USB_Type_C
6b1b7383.jpg,USB_Type_C
6c2b7264.jpg,USB_Type_C
441d6c57.jpg,USB_Type_C
1ba6b3c0.jpg,USB_Type_C
225e15bc.jpg,USB_Type_C
395e69ba.jpg,USB_Type_C
e29a4755.jpg,USB_Type_C
e2fd5344.jpg,USB_Type_C
924e2ab4.jpg,USB_Type_C
14c4aee2.jpg,USB_Type_C
ff614a1c.jpg,USB_Type_C
27c07bcf.jpg,USB_Type_C
71d98554.jpg,USB_Type_C
434444f0.jpg,USB_Type_C
a0082f39.jpg,USB_Type_C
bbb041ad.jpg,USB_Type_C
7e7d9136.jpg,USB_Type_C
3cf72f96.jpg,USB_Type_C
9c273b9b.jpg,USB_Type_C
45404587.jpg,USB_Type_C
db00b129.jpg,USB_Type_C
b6d740a5.jpg,USB_Type_C
61d48b97.jpg,USB_Type_C
6a5c1ceb.jpg,USB_Type_C
f33486ef.jpg,USB_Type_C
5d9f9703.jpg,USB_Type_C
4cd2601d.jpg,USB_Type_C
e0f23d78.jpg,USB_Type_C
6b77edc6.jpg,USB_Type_C
319af1cd.jpg,USB_Type_C
5df138ee.jpg,USB_Type_C
b4e9f0c9.jpg,USB_Type_C
745c9ffd.jpg,USB_Type_C
b754f64a.jpg,USB_Type_C
acb1c2fc.jpg,USB_Type_C
1b1d53b5.jpg,USB_Type_C
858656c7.jpg,USB_Type_C
914a2d23.jpg,USB_Type_C
f08fd4d8.jpg,USB_Type_C
52e566a6.jpg,USB_Type_C
b303d8f8.jpg,USB_Type_C
5cf2fd29.jpg,USB_Type_C
d6402063.jpg,USB_Type_C
8d02a62f.jpg,USB_Type_C
8fb95456.jpg,USB_Type_C
ce32166a.jpg,USB_Type_C
5c991db5.jpg,USB_Type_C
b31e8ef6.jpg,USB_Type_C
da926fa7.jpg,USB_Type_C
2eed0e49.jpg,USB_Type_C
e5cc333a.jpg,USB_Type_C
d05d97f1.jpg,USB_Type_C
7fdc1086.jpg,USB_Type_C
a8bae822.jpg,USB_Type_C
8a620616.jpg,USB_Type_C
d93823eb.jpg,USB_Type_C
8cdf2de1.jpg,USB_Type_C
594c3876.jpg,USB_Type_C
8ff86e44.jpg,USB_Type_C
6bf633ef.jpg,USB_Type_C
645158b9.jpg,USB_Type_C
8acb6828.jpg,USB_Type_C
50c50440.jpg,USB_Type_C
f861f085.jpg,USB_Type_C
2f0f83e1.jpg,USB_Type_C
2e8fae94.jpg,USB_Type_C
080d8dcc.jpg,USB_Type_C
70d763fa.jpg,USB_Type_C
6bfc25cc.jpg,USB_Type_C
a338ed17.jpg,USB_Type_C
2fa87a66.jpg,USB_Type_C
d15fef60.jpg,USB_Type_C
3e5bc825.jpg,USB_Type_C
a4a5e86a.jpg,USB_Type_C
5f8114e6.jpg,USB_Type_C
24905ca8.jpg,USB_Type_C
a17aa189.jpg,USB_Type_C
ca526c36.jpg,USB_Type_C
f204081a.jpg,USB_Type_C
81d3c27c.jpg,USB_Type_C
c3d320b1.jpg,USB_Type_C
e3d3d4ae.jpg,USB_Type_C
24692c83.jpg,USB_Type_C
1569235a.jpg,USB_Type_C
bcb4120c.jpg,USB_Type_C
75cab247.jpg,USB_Type_C
7f085999.jpg,USB_Type_C
f15ada2b.jpg,USB_Type_C
82f23356.jpg,USB_Type_C
a459cbd0.jpg,USB_Type_C
30f08574.jpg,USB_Type_C
b933ddb1.jpg,USB_Type_C
cf7dd166.jpg,USB_Type_C
f86dfc0a.jpg,USB_Type_C
dea1aea7.jpg,USB_Type_C
5c6f01a9.jpg,USB_Type_C
f8654557.jpg,USB_Type_C
9f5a173c.jpg,USB_Type_C
956e3a30.jpg,USB_Type_C
0a3e7331.jpg,USB_Type_C
7dd047c5.jpg,USB_Type_C
01bcd26a.jpg,USB_Type_C
f65b1acd.jpg,USB_Type_C
2716f8d3.jpg,USB_Type_C
c6f7b1e5.jpg,USB_Type_C
f8ace869.jpg,USB_Type_C
068cdb9d.jpg,USB_Type_C
95713bd1.jpg,USB_Type_C
338d9ecf.jpg,USB_Type_C
45fbbe0a.jpg,USB_Type_C
b8e75597.jpg,USB_Type_C
2ffed2d3.jpg,USB_Type_C
d49039cc.jpg,USB_Type_C
31794b01.jpg,USB_Type_C
6ba9f961.jpg,USB_Type_C
593a9691.jpg,USB_Type_C
75d4a278.jpg,USB_Type_C
1c8dd579.jpg,USB_Type_C
5a6218c1.jpg,USB_Type_C
6c20e8a5.jpg,USB_Type_C
423e18a4.jpg,USB_Type_C
d12ab752.jpg,USB_Type_C
13a76b6d.jpg,USB_Type_C
4cb03eeb.jpg,USB_Type_C
7a95f2d6.jpg,USB_Type_C
93d59e1c.jpg,USB_Type_C
5595e317.jpg,USB_Type_C
798001d1.jpg,USB_Type_C
f82d9f29.jpg,USB_Type_C
99661211.jpg,USB_Type_C
c15c8a54.jpg,USB_Type_C
41b46520.jpg,USB_Type_C
c957dd3c.jpg,USB_Type_C
26c1b8d4.jpg,USB_Type_C
ccaebd01.jpg,USB_Type_C
ea944082.jpg,USB_Type_C
57143f2c.jpg,USB_Type_C
ff21b44e.jpg,USB_Type_C
cb480298.jpg,USB_Type_C
7c4d89c1.jpg,USB_Type_C
150ee9ca.jpg,USB_Type_C
5bbaaf38.jpg,USB_Type_C
20e8507c.jpg,USB_Type_C
995862ef.jpg,USB_Type_C
82db6e33.jpg,USB_Type_C
a90f3600.jpg,USB_Type_C
1985ad3c.jpg,USB_Type_C
4bd6c9ee.jpg,USB_Type_C
d35a6e30.jpg,USB_Type_C
f9bd7f60.jpg,USB_Type_C
8046629d.jpg,USB_Type_C
e2b39487.jpg,USB_Type_C
8a30f2af.jpg,USB_Type_C
41bdad81.jpg,USB_Type_C
99fd8c91.jpg,USB_Type_C
c98a4af1.jpg,USB_Type_C
856aa5ab.jpg,USB_Type_C
ebbfc466.jpg,USB_Type_C
4679b1f7.jpg,USB_Type_C
2934118e.jpg,USB_Type_C
2f7f15d0.jpg,USB_Type_C
d5b86278.jpg,USB_Type_C
9181e670.jpg,USB_Type_C
82518f2b.jpg,USB_Type_C
6e39997d.jpg,USB_Type_C
54e8c1fe.jpg,USB_Type_C
e68482a0.jpg,USB_Type_C
7a2bb470.jpg,USB_Type_C
201b760f.jpg,USB_Type_C
ff79f15d.jpg,USB_Type_C
7257ea14.jpg,USB_Type_C
685c2d00.jpg,USB_Type_C
89b26ed6.jpg,USB_Type_C
72ccd851.jpg,USB_Type_C
ed12f171.jpg,USB_Type_C
e1be0c7a.jpg,USB_Type_C
55db199d.jpg,USB_Type_C
d8bf4374.jpg,USB_Type_C
b4bbea96.jpg,USB_Type_C
c59cb232.jpg,USB_Type_C
22d87226.jpg,USB_Type_C
9f6f684b.jpg,USB_Type_C
b3215110.jpg,USB_Type_C
55c753e0.jpg,USB_Type_C
59aba8fe.jpg,USB_Type_C
11d2c555.jpg,USB_Type_C
14925bfc.jpg,USB_Type_C
25b79982.jpg,USB_Type_C
24f838b4.jpg,USB_Type_C
fac563cb.jpg,USB_Type_C
5db4138e.jpg,USB_Type_C
27486136.jpg,USB_Type_C
cca9b449.jpg,USB_Type_C
66975971.jpg,USB_Type_C
1b656b5f.jpg,USB_Type_C
49f0d181.jpg,USB_Type_C
0adf361d.jpg,USB_Type_C
31dd0e98.jpg,USB_Type_C
457688e7.jpg,USB_Type_C
a22e0cb1.jpg,USB_Type_C
2d9201d8.jpg,USB_Type_C
c9867990.jpg,USB_Type_C
8ea8690a.jpg,USB_Type_C
23591323.jpg,USB_Type_C
ed908da2.jpg,USB_Type_C
893955ea.jpg,USB_Type_C
83a0030b.jpg,USB_Type_C
4bd6fb30.jpg,USB_Type_C
bf146817.jpg,USB_Type_C
d85681b5.jpg,USB_Type_C
83d910f3.jpg,USB_Type_C
c9d7406a.jpg,USB_Type_C
83c00fb9.jpg,USB_Type_C
df53ef5a.jpg,USB_Type_C
f1e8e940.jpg,USB_Type_C
d2495f2f.jpg,USB_Type_C
a190f309.jpg,USB_Type_C
7a2995f1.jpg,USB_Type_C
7e307f06.jpg,USB_Type_C
8689350c.jpg,USB_Type_C
90745684.jpg,USB_Type_C
997df70c.jpg,USB_Type_C
ff9d27a5.jpg,USB_Type_C
e1e89977.jpg,USB_Type_C
51a05ed5.jpg,USB_Type_C
baa6a54d.jpg,USB_Type_C
462771fc.jpg,USB_Type_C
e4819c51.jpg,USB_Type_C
8eb3c83c.jpg,USB_Type_C
987ccca5.jpg,USB_Type_C
523b3a19.jpg,USB_Type_C
f091942f.jpg,USB_Type_C
45c710d8.jpg,USB_Type_C
383e595b.jpg,USB_Type_C
6ec1a74b.jpg,USB_Type_C
464a2f95.jpg,USB_Type_C
a71a838b.jpg,USB_Type_C
0d762d8b.jpg,USB_Type_C
d20fdf0c.jpg,USB_Type_C
6e20ce10.jpg,USB_Type_C
7a38a88b.jpg,USB_Type_C
a43acb05.jpg,USB_Type_C
7af60c0b.jpg,USB_Type_C
e43131ef.jpg,USB_Type_C
44eecee9.jpg,USB_Type_C
5226202f.jpg,USB_Type_C
1a7f0579.jpg,USB_Type_C
e0b48ed8.jpg,USB_Type_C
f6ad0765.jpg,USB_Type_C
ae50aa63.jpg,USB_Type_C
17c8e2ae.jpg,USB_Type_C
5732d8de.jpg,USB_Type_C
182f4190.jpg,USB_Type_C
e0922705.jpg,USB_Type_C
579eb089.jpg,USB_Type_C
7da94d3a.jpg,USB_Type_C
78023770.jpg,USB_Type_C
0990c08f.jpg,USB_Type_C
2ed960f9.jpg,USB_Type_C
1bdd1d96.jpg,USB_Type_C
087cf646.jpg,USB_Type_C
e81b0232.jpg,USB_Type_C
ccdb07b0.jpg,USB_Type_C
f283264f.jpg,USB_Type_C
1b6b1543.jpg,USB_Type_C
ad6c81ae.jpg,USB_Type_C
41fbea06.jpg,USB_Type_C
645f91ae.jpg,USB_Type_C
35fe7c42.jpg,USB_Type_C
56c8e310.jpg,USB_Type_C
9905899b.jpg,USB_Type_C
6ab39ef5.jpg,USB_Type_C
5a8fc0bc.jpg,USB_Type_C
cb07f623.jpg,USB_Type_C
45473403.jpg,USB_Type_C
e69ce6d9.jpg,USB_Type_C
f12b1e7d.jpg,USB_Type_C
19c52b33.jpg,USB_Type_C
90c246a8.jpg,USB_Type_C
57d2e7e1.jpg,USB_Type_C
bc8bb8f5.jpg,USB_Type_C
86ce44c2.jpg,USB_Type_C
41bb1c20.jpg,USB_Type_C
d9190544.jpg,USB_Type_C
eaf17a74.jpg,USB_Type_C
adfcd2dc.jpg,USB_Type_C
58225bc7.jpg,USB_Type_C
bbccac43.jpg,USB_Type_C
3f46daf5.jpg,USB_Type_C
1385222d.jpg,USB_Type_C
cb7f423e.jpg,USB_Type_C
3a6b09dc.jpg,USB_Type_C
e18fe13d.jpg,USB_Type_C
e781b2c5.jpg,USB_Type_C
abc9f91b.jpg,USB_Type_C
12731be0.jpg,USB_Type_C
d2eab457.jpg,USB_Type_C
29ed487a.jpg,USB_Type_C
e228f346.jpg,USB_Type_C
c11e4033.jpg,USB_Type_C
79f0a467.jpg,USB_Type_C
41231026.jpg,USB_Type_C
dc7ae960.jpg,USB_Type_C
84dd7b1a.jpg,USB_Type_C
fb36a80f.jpg,USB_Type_C
c7017966.jpg,USB_Type_C
6c39a2e5.jpg,USB_Type_C
85638179.jpg,USB_Type_C
96f40d52.jpg,USB_Type_C
cd73a9a0.jpg,USB_Type_C
e18fa102.jpg,USB_Type_C
b9600eb4.jpg,USB_Type_C
f043f4cd.jpg,USB_Type_C
0d326e09.jpg,USB_Type_C
6771cc59.jpg,USB_Type_C
c1831b91.jpg,USB_Type_C
068fa103.jpg,USB_Type_C
c7ee488d.jpg,USB_Type_C
a1db29f9.jpg,USB_Type_C
c967a0fd.jpg,USB_Type_C
3035a961.jpg,USB_Type_C
4d378aa7.jpg,USB_Type_C
ee38e779.jpg,USB_Type_C
220827bb.jpg,USB_Type_C
632d9ec7.jpg,USB_Type_C
2708ef40.jpg,USB_Type_C
03a74aef.jpg,USB_Type_C
e92b026f.jpg,USB_Type_C
364c4c6e.jpg,USB_Type_C
b117636b.jpg,USB_Type_C
9162dedf.jpg,USB_Type_C
dd097ec6.jpg,USB_Type_C
8edb5e4c.jpg,USB_Type_C
bacdc0b9.jpg,USB_Type_C
e5f7f1ed.jpg,USB_Type_C
29fa6a2b.jpg,USB_Type_C
9f4b57f8.jpg,USB_Type_C
0cbfd7dc.jpg,USB_Type_C
af1e1eb1.jpg,USB_Type_C
27eee8b4.jpg,USB_Type_C
fa1f9426.jpg,USB_Type_C
10388a13.jpg,USB_Type_C
918907ec.jpg,USB_Type_C
80fc925c.jpg,USB_Type_C
cadbcf26.jpg,USB_Type_C
04529e7d.jpg,USB_Type_C
26e1cec2.jpg,USB_Type_C
de30b26b.jpg,USB_Type_C
b4d56b2b.jpg,USB_Type_C
1190fbe6.jpg,USB_Type_C
3dc87ab7.jpg,USB_Type_C
fb8f4251.jpg,USB_Type_C
75819d35.jpg,USB_Type_C
af6d08a8.jpg,USB_Type_C
05667075.jpg,USB_Type_C
f3750fa9.jpg,USB_Type_C
ccaccb24.jpg,USB_Type_C
63498969.jpg,USB_Type_C
2b1aa576.jpg,USB_Type_C
db757b73.jpg,USB_Type_C
fe9036df.jpg,USB_Type_C
a74a8777.jpg,USB_Type_C
3880c1f7.jpg,USB_Type_C
30b3e223.jpg,USB_Type_C
bf7dd27a.jpg,USB_Type_C
5c035fd1.jpg,USB_Type_C
16f95616.jpg,USB_Type_C
7e66cb9f.jpg,USB_Type_C
5c178412.jpg,USB_Type_C
4870cf27.jpg,USB_Type_C
95fcfef7.jpg,USB_Type_C
4c4d1c64.jpg,USB_Type_C
9ae23651.jpg,USB_Type_C
822f0353.jpg,USB_Type_C
cbd48249.jpg,USB_Type_C
2834127a.jpg,USB_Type_C
270775d9.jpg,USB_Type_C
73e56085.jpg,USB_Type_C
43662a57.jpg,USB_Type_C
eddf73e1.jpg,USB_Type_C
66e9c3f8.jpg,USB_Type_C
37e0529a.jpg,USB_Type_C
232e4680.jpg,USB_Type_C
0db00718.jpg,USB_Type_C
f7854ab1.jpg,USB_Type_C
6f575fdd.jpg,USB_Type_C
3354f123.jpg,USB_Type_C
fadc157f.jpg,USB_Type_C
0b3baf54.jpg,USB_Type_C
cdecb41e.jpg,USB_Type_C
c7d8008f.jpg,USB_Type_C
35a9aff3.jpg,USB_Type_C
dd317aec.jpg,USB_Type_C
7b77b744.jpg,USB_Type_C
74a7bd6b.jpg,USB_Type_C
9da8d94e.jpg,USB_Type_C
79c7c61a.jpg,USB_Type_C
19ca3f29.jpg,USB_Type_C
0ad8c7db.jpg,USB_Type_C
3dfbfa57.jpg,USB_Type_C
f75e0ef3.jpg,USB_Type_C
e05c3586.jpg,USB_Type_C
523dd10d.jpg,USB_Type_C
459b20a3.jpg,USB_Type_C
11cc711f.jpg,USB_Type_C
e02a547a.jpg,USB_Type_C
7c153d2e.jpg,USB_Type_C
935ba38a.jpg,USB_Type_C
dc9ea746.jpg,USB_Type_C
7207683d.jpg,USB_Type_C
ac592c8d.jpg,USB_Type_C
99233bba.jpg,USB_Type_C
9a282843.jpg,USB_Type_C
5cabd798.jpg,USB_Type_C
ead821b0.jpg,USB_Type_C
2e99a1f3.jpg,USB_Type_C
3420f655.jpg,USB_Type_C
d0f1fb55.jpg,USB_Type_C
9cc0f9f3.jpg,USB_Type_C
344c0e8b.jpg,USB_Type_C
1c697bc9.jpg,USB_Type_C
ab4c997c.jpg,USB_Type_C
69389e32.jpg,USB_Type_C
9d80a288.jpg,USB_Type_C
af8f3ca0.jpg,USB_Type_C
2361643b.jpg,USB_Type_C
d2eb1321.jpg,USB_Type_C
9ee7fc35.jpg,USB_Type_C
218ad0f9.jpg,USB_Type_C
d893829c.jpg,USB_Type_C
9db878fd.jpg,USB_Type_C
d24d4176.jpg,USB_Type_C
e089725d.jpg,USB_Type_C
4dd6e117.jpg,USB_Type_C
03c56bfe.jpg,USB_Type_C
c230d021.jpg,USB_Type_C
71993f5b.jpg,USB_Type_C
d2a781f8.jpg,USB_Type_C
e0a09501.jpg,USB_Type_C
dbc74e3a.jpg,USB_Type_C
e5b86240.jpg,USB_Type_C
5cdfc166.jpg,USB_Type_C
0150efd6.jpg,USB_Type_C
ee36651f.jpg,USB_Type_C
1cdc9c0e.jpg,USB_Type_C
8e1d4563.jpg,USB_Type_C
bc7588ae.jpg,USB_Type_C
3217efb0.jpg,USB_Type_C
49c5a999.jpg,USB_Type_C
1515bd30.jpg,USB_Type_C
1431d8fe.jpg,USB_Type_C
b35d3d98.jpg,USB_Type_C
8182553d.jpg,USB_Type_C
b0ae4a93.jpg,USB_Type_C
58b56ca5.jpg,USB_Type_C
10b14710.jpg,USB_Type_C
16ad0546.jpg,USB_Type_C
3af0c8bd.jpg,USB_Type_C
a3fd5253.jpg,USB_Type_C
eb367fb3.jpg,USB_Type_C
359ce24b.jpg,USB_Type_C
81f4b5a1.jpg,USB_Type_C
57e430fc.jpg,USB_Type_C
baf61a03.jpg,USB_Type_C
95af0971.jpg,USB_Type_C
4241e059.jpg,USB_Type_C
20bf93b6.jpg,USB_Type_C
8d1dea6a.jpg,USB_Type_C
15245dab.jpg,USB_Type_C
f16b3979.jpg,USB_Type_C
7c1f689c.jpg,USB_Type_C
e036098e.jpg,USB_Type_C
5453c3aa.jpg,USB_Type_C
debf79d5.jpg,USB_Type_C
cbd3dec7.jpg,USB_Type_C
fd4ef6b8.jpg,USB_Type_C
a059cafb.jpg,USB_Type_C
f1bdeb1b.jpg,USB_Type_C
a6e5dbd0.jpg,USB_Type_C
704f3019.jpg,USB_Type_C
7d309510.jpg,USB_Type_C
760175f4.jpg,USB_Type_C
24398d5d.jpg,USB_Type_C
b69f848f.jpg,USB_Type_C
fbb3909a.jpg,USB_Type_C
982a4c57.jpg,USB_Type_C
8b4996fd.jpg,USB_Type_C
2a0ef58a.jpg,USB_Type_C
253f813f.jpg,USB_Type_C
3db4c14b.jpg,USB_Type_C
4f125385.jpg,USB_Type_C
5f2e8ae5.jpg,USB_Type_C
0d868080.jpg,USB_Type_C
a59d9335.jpg,USB_Type_C
b1a4664c.jpg,USB_Type_C
bf8b9416.jpg,USB_Type_C
110bebc8.jpg,USB_Type_C
3f9eedfe.jpg,USB_Type_C
8a18a396.jpg,USB_Type_C
be02ac56.jpg,USB_Type_C
aee98c56.jpg,USB_Type_C
10b366e6.jpg,USB_Type_C
aa28911e.jpg,USB_Type_C
30ec1ae0.jpg,USB_Type_C
50570cbc.jpg,USB_Type_C
5b56fca9.jpg,USB_Type_C
8a070016.jpg,USB_Type_C
d7bf8688.jpg,USB_Type_C
2ea7af73.jpg,USB_Type_C
b001bdf5.jpg,USB_Type_C
5f2aac42.jpg,USB_Type_C
93f99900.jpg,USB_Type_C
35c7a070.jpg,USB_Type_C
de798aa9.jpg,USB_Type_C
44b3b570.jpg,USB_Type_C
a71e1dcf.jpg,USB_Type_C
7bf3c227.jpg,USB_Type_C
44a76d9f.jpg,USB_Type_C
4b2aa50b.jpg,USB_Type_C
2ec983e6.jpg,USB_Type_C
c60bf32d.jpg,USB_Type_C
ea4e7741.jpg,USB_Type_C
fbce37a2.jpg,USB_Type_C
284112dc.jpg,USB_Type_C
f9e3ebbf.jpg,USB_Type_C
c2a86b19.jpg,USB_Type_C
bac6e7eb.jpg,USB_Type_C
5b592728.jpg,USB_Type_C
620cd39a.jpg,USB_Type_C
d11eb2b0.jpg,USB_Type_C
ba2c2468.jpg,USB_Type_C
58f93316.jpg,USB_Type_C
df4eefec.jpg,USB_Type_C
69c650b8.jpg,USB_Type_C
b8b8d994.jpg,USB_Type_C
cd3dacc1.jpg,USB_Type_C
63665927.jpg,USB_Type_C
30f0bcf0.jpg,USB_Type_C
ec7f9e1c.jpg,USB_Type_C
25992676.jpg,USB_Type_C
80429974.jpg,USB_Type_C
01e928ba.jpg,USB_Type_C
09ef5094.jpg,USB_Type_C
26489a19.jpg,USB_Type_C
c82fc7ce.jpg,USB_Type_C
da51be50.jpg,USB_Type_C
53cd8d0c.jpg,USB_Type_C
ba3f7fd7.jpg,USB_Type_C
edd947dc.jpg,USB_Type_C
15fd6206.jpg,USB_Type_C
f7ed44a5.jpg,USB_Type_C
28aa7ac9.jpg,USB_Type_C
5e3e8d52.jpg,USB_Type_C
3dfcfacb.jpg,USB_Type_C
feeb4bc4.jpg,USB_Type_C
797ce1fa.jpg,USB_Type_C
62d1c8c9.jpg,USB_Type_C
a3486138.jpg,USB_Type_C
8c980b5e.jpg,USB_Type_C
a539d110.jpg,USB_Type_C
5ffa8bc9.jpg,USB_Type_C
58129455.jpg,USB_Type_C
e9812bf4.jpg,USB_Type_C
f54e78cc.jpg,USB_Type_C
4480862d.jpg,USB_Type_C
2805045f.jpg,USB_Type_C
8da3cc43.jpg,USB_Type_C
806b245a.jpg,USB_Type_C
a63219c6.jpg,USB_Type_C
2306878a.jpg,USB_Type_C
0d2ec3ef.jpg,USB_Type_C
d0f7b5d5.jpg,USB_Type_C
b44d45eb.jpg,USB_Type_C
729c9719.jpg,USB_Type_C
2edc9068.jpg,USB_Type_C
7dac9a0d.jpg,USB_Type_C
2225790c.jpg,USB_Type_C
5c9b908e.jpg,USB_Type_C
7cf20439.jpg,USB_Type_C
0d411273.jpg,USB_Type_C
e541292b.jpg,USB_Type_C
e6ded773.jpg,USB_Type_C
7978a5cc.jpg,USB_Type_C
abf24b75.jpg,USB_Type_C
937dc833.jpg,USB_Type_C
8a65d2c8.jpg,USB_Type_C
cb755b89.jpg,USB_Type_C
4c1c4d7b.jpg,USB_Type_C
f58e3eeb.jpg,USB_Type_C
2090ac5f.jpg,USB_Type_C
05f336ad.jpg,USB_Type_C
cb8176ea.jpg,USB_Type_C
9abb7c4c.jpg,USB_Type_C
aee4cac5.jpg,USB_Type_C
05d7369b.jpg,USB_Type_C
df16685d.jpg,USB_Type_C
971a4152.jpg,USB_Type_C
e537c4c5.jpg,USB_Type_C
fb95c287.jpg,USB_Type_C
8a5edcf7.jpg,USB_Type_C
2dc1d0bc.jpg,USB_Type_C
25f0d9bd.jpg,USB_Type_C
58cd26d1.jpg,USB_Type_C
b7e661b1.jpg,USB_Type_C
4b0e6319.jpg,USB_Type_C
76ee8ca0.jpg,USB_Type_C
0975c8f4.jpg,USB_Type_C
8f9376a9.jpg,USB_Type_C
41aaa0c3.jpg,USB_Type_C
4bed5653.jpg,USB_Type_C
96451398.jpg,USB_Type_C
0e399ff3.jpg,USB_Type_C
69f251ef.jpg,USB_Type_C
49b3c61b.jpg,USB_Type_C
8602e93c.jpg,USB_Type_C
75b16718.jpg,USB_Type_C
36ce773c.jpg,USB_Type_C
152f676f.jpg,USB_Type_C
8e9b849b.jpg,USB_Type_C
b8ffef93.jpg,USB_Type_C
dda65809.jpg,USB_Type_C
f51c0b60.jpg,USB_Type_C
332335c7.jpg,USB_Type_C
94e75e9e.jpg,USB_Type_C
bf163743.jpg,USB_Type_C
3b08b5f5.jpg,USB_Type_C
3dcd3239.jpg,USB_Type_C
2e9720f6.jpg,USB_Type_C
dc1dbdac.jpg,USB_Type_C
b40473fe.jpg,USB_Type_C
19c0d5b0.jpg,USB_Type_C
722994dc.jpg,USB_Type_C
ba533966.jpg,USB_Type_C
156d8bf7.jpg,USB_Type_C
f67872be.jpg,USB_Type_C
dc3d5831.jpg,USB_Type_C
97a3d725.jpg,USB_Type_C
118eb258.jpg,USB_Type_C
677c622c.jpg,USB_Type_C
2a713013.jpg,USB_Type_C
83245004.jpg,USB_Type_C
5442d818.jpg,USB_Type_C
b4465ede.jpg,USB_Type_C
07d57515.jpg,USB_Type_C
b4eed301.jpg,USB_Type_C
cf9e92bd.jpg,USB_Type_C
e1769fb3.jpg,USB_Type_C
64fa6905.jpg,USB_Type_C
1c40b765.jpg,USB_Type_C
d0207799.jpg,USB_Type_C
c3b46c69.jpg,USB_Type_C
eace48a1.jpg,USB_Type_C
715fcf64.jpg,USB_Type_C
823e1f79.jpg,USB_Type_C
40ab9a21.jpg,USB_Type_C
d855229c.jpg,USB_Type_C
08fbc24f.jpg,USB_Type_C
b5b73a69.jpg,USB_Type_C
5175c49e.jpg,USB_Type_C
27eae8c9.jpg,USB_Type_C
e4949ad1.jpg,USB_Type_C
963c0670.jpg,USB_Type_C
390490d4.jpg,USB_Type_C
08cf6c08.jpg,USB_Type_C
0d4ce8fa.jpg,USB_Type_C
a186f253.jpg,USB_Type_C
b2412d2f.jpg,USB_Type_C
e346642f.jpg,USB_Type_C
ce221912.jpg,USB_Type_C
07329cd9.jpg,USB_Type_C
b4e11d0b.jpg,USB_Type_C
ed29f404.jpg,USB_Type_C
455a27a9.jpg,USB_Type_C
e69d287e.jpg,USB_Type_C
c2a14120.jpg,USB_Type_C
c78dc58a.jpg,USB_Type_C
d4ecff11.jpg,USB_Type_C
58a7d409.jpg,USB_Type_C
84c434c5.jpg,USB_Type_C
29e9d241.jpg,USB_Type_C
affd505d.jpg,USB_Type_C
91bad7e5.jpg,USB_Type_C
9699b743.jpg,USB_Type_C
e209f7b7.jpg,USB_Type_C
71af9e97.jpg,USB_Type_C
950ed53d.jpg,USB_Type_C
f3e0a597.jpg,USB_Type_C
a88dd0e3.jpg,USB_Type_C
67d7748c.jpg,USB_Type_C
e7ec0fc6.jpg,USB_Type_C
ee205e5a.jpg,USB_Type_C
32a097cb.jpg,USB_Type_C
5f98ca7f.jpg,USB_Type_C
e1fc519d.jpg,USB_Type_C
cd1a8eba.jpg,USB_Type_C
ff25d1fa.jpg,USB_Type_C
799125df.jpg,USB_Type_C
f179342a.jpg,USB_Type_C
c992765e.jpg,USB_Type_C
5458860e.jpg,USB_Type_C
a3fbf5d9.jpg,USB_Type_C
57e71131.jpg,USB_Type_C
0ee05bd8.jpg,USB_Type_C
b759ee24.jpg,USB_Type_C
eebda9bb.jpg,USB_Type_C
d9cd2423.jpg,USB_Type_C
c8677b8c.jpg,USB_Type_C
20d7593b.jpg,USB_Type_C
3c5d8ca3.jpg,USB_Type_C
6ca6d411.jpg,USB_Type_C
5e018bd9.jpg,USB_Type_C
9e0b0488.jpg,USB_Type_C
fd6261b7.jpg,USB_Type_C
e20229ca.jpg,USB_Type_C
79367e48.jpg,USB_Type_C
46c57d09.jpg,USB_Type_C
14540c30.jpg,USB_Type_C
72a10470.jpg,USB_Type_C
24ad38c6.jpg,USB_Type_C
cec09b6f.jpg,USB_Type_C
53adcdba.jpg,USB_Type_C
66e4b26a.jpg,USB_Type_C
c3efab02.jpg,USB_Type_C
42272281.jpg,USB_Type_C
ebc643b3.jpg,USB_Type_C
9c92d57a.jpg,USB_Type_C
d650f288.jpg,USB_Type_C
d07c4ea8.jpg,USB_Type_C
aac7d4dc.jpg,USB_Type_C
24aa248b.jpg,USB_Type_C
d1de4364.jpg,USB_Type_C
f6b74a4f.jpg,USB_Type_C
03271a49.jpg,USB_Type_C
05a4f8b8.jpg,USB_Type_C
80d79f78.jpg,USB_Type_C
1a29cb21.jpg,USB_Type_C
3233ea5c.jpg,USB_Type_C
f3b7c26a.jpg,USB_Type_C
c4a83354.jpg,USB_Type_C
a77755cb.jpg,USB_Type_C
d77ce114.jpg,USB_Type_C
78012420.jpg,USB_Type_C
231c10e6.jpg,USB_Type_C
b4e53844.jpg,USB_Type_C
1f66c04d.jpg,USB_Type_C
98224c72.jpg,USB_Type_C
a98a1c3c.jpg,USB_Type_C
b84e4d71.jpg,USB_Type_C
6bd54958.jpg,USB_Type_C
4fd28a4a.jpg,USB_Type_C
d0e9e19d.jpg,USB_Type_C
f2b1abd0.jpg,USB_Type_C
9977c3e1.jpg,USB_Type_C
ad99e16f.jpg,USB_Type_C
434c8653.jpg,USB_Type_C
b13fc05d.jpg,USB_Type_C
35e1c4be.jpg,USB_Type_C
3b0c6f9e.jpg,USB_Type_C
97401da4.jpg,USB_Type_C
de8349b0.jpg,USB_Type_C
db18d8ca.jpg,USB_Type_C
39228ef8.jpg,USB_Type_C
e2d661f7.jpg,USB_Type_C
3fb41513.jpg,USB_Type_C
56529585.jpg,USB_Type_C
01d9bd88.jpg,USB_Type_C
158fc5e6.jpg,USB_Type_C
3b078d53.jpg,USB_Type_C
6af93c03.jpg,USB_Type_C
d235f7a2.jpg,USB_Type_C
2c891eae.jpg,USB_Type_C
39019499.jpg,USB_Type_C
214ed1d8.jpg,USB_Type_C
f4c04ff4.jpg,USB_Type_C
53f7e2da.jpg,USB_Type_C
cc313ce7.jpg,USB_Type_C
14a10ab7.jpg,USB_Type_C
9c62fc31.jpg,USB_Type_C
8f045373.jpg,USB_Type_C
5a21a541.jpg,USB_Type_C
65a98449.jpg,USB_Type_C
dc2ee521.jpg,USB_Type_C
a5215e52.jpg,USB_Type_C
49432166.jpg,USB_Type_C
ad24eef0.jpg,USB_Type_C
1c17de6f.jpg,USB_Type_C
d49833df.jpg,USB_Type_C
81cb2c83.jpg,USB_Type_C
e7d9bb4e.jpg,USB_Type_C
ea3593c2.jpg,USB_Type_C
5d549e92.jpg,USB_Type_C
3aa3de35.jpg,USB_Type_C
e3e15853.jpg,USB_Type_C
5dfe89f1.jpg,USB_Type_C
fce2b195.jpg,USB_Type_C
15c28a49.jpg,USB_Type_C
79069855.jpg,USB_Type_C
c3aee205.jpg,USB_Type_C
d905112a.jpg,USB_Type_C
a72464fb.jpg,USB_Type_C
ff3d9d9e.jpg,USB_Type_C
1215b6c0.jpg,USB_Type_C
b8cb2dcc.jpg,USB_Type_C
8d001d8e.jpg,USB_Type_C
4838dcbe.jpg,USB_Type_C
ce5080cd.jpg,USB_Type_C
7aff5794.jpg,USB_Type_C
910077c1.jpg,USB_Type_C
44359e96.jpg,USB_Type_C
feb5c7b0.jpg,USB_Type_C
5d617fda.jpg,USB_Type_C
4fbcb401.jpg,USB_Type_C
b6ce590d.jpg,USB_Type_C
12c8b3c2.jpg,USB_Type_C
734ad78c.jpg,USB_Type_C
7110606e.jpg,USB_Type_C
d7c3a5e6.jpg,USB_Type_C
e699683b.jpg,USB_Type_C
f0310349.jpg,USB_Type_C
2861296e.jpg,USB_Type_C
142dfeb0.jpg,USB_Type_C
b8a0f738.jpg,USB_Type_C
e7dc6468.jpg,USB_Type_C
a09c468f.jpg,USB_Type_C
d4e08c44.jpg,USB_Type_C
821e1f53.jpg,USB_Type_C
31e4607e.jpg,USB_Type_C
225b9492.jpg,USB_Type_C
f71f5ee2.jpg,USB_Type_C
2d177700.jpg,USB_Type_C
12221da4.jpg,USB_Type_C
9650eea2.jpg,USB_Type_C
b40a9972.jpg,USB_Type_C
762da191.jpg,USB_Type_C
e7307d06.jpg,USB_Type_C
eef8c527.jpg,USB_Type_C
e071170e.jpg,USB_Type_C
e4431691.jpg,USB_Type_C
0753eaf9.jpg,USB_Type_C
08d8ecc7.jpg,USB_Type_C
23b12756.jpg,USB_Type_C
d8e18974.jpg,USB_Type_C
74f2f351.jpg,USB_Type_C
d2cc09b6.jpg,USB_Type_C
e17cbf7d.jpg,USB_Type_C
4657ef5e.jpg,USB_Type_C
ef6127bf.jpg,USB_Type_C
f54f0df5.jpg,USB_Type_C
23267fc9.jpg,USB_Type_C
03214801.jpg,USB_Type_C
11f372bf.jpg,USB_Type_C
422bbd14.jpg,USB_Type_C
4905b2e2.jpg,USB_Type_C
32f25bd9.jpg,USB_Type_C
cc9bd6c6.jpg,USB_Type_C
c062fc7d.jpg,USB_Type_C
4162e4a3.jpg,USB_Type_C
55a8803b.jpg,USB_Type_C
e98e59e9.jpg,USB_Type_C
9dec82f9.jpg,USB_Type_C
6526cce1.jpg,USB_Type_C
f6c6cdf7.jpg,USB_Type_C
c9f0265f.jpg,USB_Type_C
470e4e3f.jpg,USB_Type_C
45e8f478.jpg,USB_Type_C
f7fb266f.jpg,USB_Type_C
ba9b89b4.jpg,USB_Type_C
33e21c37.jpg,USB_Type_C
d9019c41.jpg,USB_Type_C
bf9ee4aa.jpg,USB_Type_C
d10a5bdc.jpg,USB_Type_C
dc0f6fae.jpg,USB_Type_C
523ee7b0.jpg,USB_Type_C
fd309e77.jpg,USB_Type_C
91c9d9f6.jpg,USB_Type_C
1d3fbb37.jpg,USB_Type_C
1f1fe085.jpg,USB_Type_C
39210a3c.jpg,USB_Type_C
3737573e.jpg,USB_Type_C
ba589625.jpg,USB_Type_C
51a3fa9a.jpg,USB_Type_C
029dac38.jpg,USB_Type_C
a81ec31c.jpg,USB_Type_C
6022f32e.jpg,USB_Type_C
2386159a.jpg,USB_Type_C
0f133b8f.jpg,USB_Type_C
e9297a9f.jpg,USB_Type_C
5742fb46.jpg,USB_Type_C
21cc5776.jpg,USB_Type_C
d6b93f2e.jpg,USB_Type_C
1f66df45.jpg,USB_Type_C
d5654ec1.jpg,USB_Type_C
ec5ae8d1.jpg,USB_Type_C
b9443c4e.jpg,USB_Type_C
17bcef2b.jpg,USB_Type_C
fb1cfb32.jpg,USB_Type_C
ea12da38.jpg,USB_Type_C
d2a7fe42.jpg,USB_Type_C
df8b2c37.jpg,USB_Type_C
8975ffb6.jpg,USB_Type_C
6967ba2c.jpg,USB_Type_C
0b2e14bc.jpg,USB_Type_C
6562acab.jpg,USB_Type_C
23309eb9.jpg,USB_Type_C
01b786ce.jpg,USB_Type_C
d304b81d.jpg,USB_Type_C
ddc761bb.jpg,USB_Type_C
098aa3a2.jpg,USB_Type_C
953d8233.jpg,USB_Type_C
9c46766f.jpg,USB_Type_C
520303b5.jpg,USB_Type_C
193945e8.jpg,USB_Type_C
f5cfce13.jpg,USB_Type_C
5c70e097.jpg,USB_Type_C
dc06d838.jpg,USB_Type_C
5eab7d83.jpg,USB_Type_C
08305e29.jpg,USB_Type_C
6c4c237f.jpg,USB_Type_C
3539e8af.jpg,USB_Type_C
96b6182f.jpg,USB_Type_C
67de2ce3.jpg,USB_Type_C
b82d7c3b.jpg,USB_Type_C
58223c33.jpg,USB_Type_C
b0db929a.jpg,USB_Type_C
6a7f4c3c.jpg,USB_Type_C
8ee8fc24.jpg,USB_Type_C
a50ef923.jpg,USB_Type_C
c10aa68b.jpg,USB_Type_C
83af6888.jpg,USB_Type_C
53dc7a51.jpg,USB_Type_C
0bd093ec.jpg,USB_Type_C
441d5293.jpg,USB_Type_C
57c8de45.jpg,USB_Type_C
de6ea636.jpg,USB_Type_C
13988e0a.jpg,USB_Type_C
f6cbb78b.jpg,USB_Type_C
0d8b669d.jpg,USB_Type_C
a2331271.jpg,USB_Type_C
701f3709.jpg,USB_Type_C
8d5220a9.jpg,USB_Type_C
e91cb79d.jpg,USB_Type_C
c4e6b7a9.jpg,USB_Type_C
3f114996.jpg,USB_Type_C
150e0e35.jpg,USB_Type_C
3df7b319.jpg,USB_Type_C
dacdc13f.jpg,USB_Type_C
64050a0c.jpg,USB_Type_C
dff0c5b9.jpg,USB_Type_C
819a8ef3.jpg,USB_Type_C
b640605c.jpg,USB_Type_C
8d3498f1.jpg,USB_Type_C
81bb2632.jpg,USB_Type_C
32224a77.jpg,USB_Type_C
87b05689.jpg,USB_Type_C
38e2810d.jpg,USB_Type_C
84f7a789.jpg,USB_Type_C
8fcfcdca.jpg,USB_Type_C
62e30103.jpg,USB_Type_C
860a9ca6.jpg,USB_Type_C
d1de7842.jpg,USB_Type_C
75549383.jpg,USB_Type_C
f06413eb.jpg,USB_Type_C
841728e9.jpg,USB_Type_C
1f636f8b.jpg,USB_Type_C
01795803.jpg,USB_Type_C
e1dd0983.jpg,USB_Type_C
72078367.jpg,USB_Type_C
75393eaa.jpg,USB_Type_C
3f6f2557.jpg,USB_Type_C
d0ffa3b8.jpg,USB_Type_C
ed657c71.jpg,USB_Type_C
a6dd5c0b.jpg,USB_Type_C
39188a25.jpg,USB_Type_C
aa32b617.jpg,USB_Type_C
c9fc50d7.jpg,USB_Type_C
fe94789a.jpg,USB_Type_C
31017007.jpg,USB_Type_C
bc5c88f8.jpg,USB_Type_C
8f555090.jpg,USB_Type_C
6e92b119.jpg,USB_Type_C
d932f838.jpg,USB_Type_C
f7b8e5e0.jpg,USB_Type_C
5e6a6869.jpg,USB_Type_C
d5ac4537.jpg,USB_Type_C
57308046.jpg,USB_Type_C
33eec1af.jpg,USB_Type_C
25bf0c5d.jpg,USB_Type_C
106ca1b8.jpg,USB_Type_C
2e655ed8.jpg,USB_Type_C
48655209.jpg,USB_Type_C
f45d0df1.jpg,USB_Type_C
fdbf17dd.jpg,USB_Type_C
9aeec226.jpg,USB_Type_C
111c4e19.jpg,USB_Type_C
d8b4c708.jpg,USB_Type_C
45744094.jpg,USB_Type_C
fcd9726a.jpg,USB_Type_C
202ba861.jpg,USB_Type_C
eebbdc92.jpg,USB_Type_C
5eb67ae6.jpg,USB_Type_C
76185953.jpg,USB_Type_C
09ee25f7.jpg,USB_Type_C
4e3857b0.jpg,USB_Type_C
abf4bee3.jpg,USB_Type_C
ed2d6987.jpg,USB_Type_C
631573a9.jpg,USB_Type_C
e14704c2.jpg,USB_Type_C
2c090c0f.jpg,USB_Type_C
c4a162fd.jpg,USB_Type_C
87518bd9.jpg,USB_Type_C
0896df2e.jpg,USB_Type_C
1c8b434d.jpg,USB_Type_C
8f37874b.jpg,USB_Type_C
54c78b45.jpg,USB_Type_C
c03b82e3.jpg,USB_Type_C
1b5c3adf.jpg,USB_Type_C
c90ea572.jpg,USB_Type_C
ba0ee2da.jpg,USB_Type_C
5dd03d9f.jpg,USB_Type_C
09797000.jpg,USB_Type_C
cb04731f.jpg,USB_Type_C
f194bd90.jpg,USB_Type_C
12429437.jpg,USB_Type_C
19b3277c.jpg,USB_Type_C
b742273c.jpg,USB_Type_C
13524f6b.jpg,USB_Type_C
b1cba450.jpg,USB_Type_C
cc9cc99a.jpg,USB_Type_C
be4973a8.jpg,USB_Type_C
562ead91.jpg,USB_Type_C
ec02f0a4.jpg,USB_Type_C
913de178.jpg,USB_Type_C
d26a091b.jpg,USB_Type_C
4ffa4fb7.jpg,USB_Type_C
aaef01a5.jpg,USB_Type_C
c4ad395f.jpg,USB_Type_C
3d023192.jpg,USB_Type_C
e15c5074.jpg,USB_Type_C
4c79b9ed.jpg,USB_Type_C
8378e624.jpg,USB_Type_C
d444ed8e.jpg,USB_Type_C
ac656c02.jpg,USB_Type_C
17eb4aa6.jpg,USB_Type_C
794929e4.jpg,USB_Type_C
d5815b3c.jpg,USB_Type_C
6e09d59a.jpg,USB_Type_C
c1d7b99c.jpg,USB_Type_C
b42debe0.jpg,USB_Type_C
12a0ed7f.jpg,USB_Type_C
710835b5.jpg,USB_Type_C
e11c31f9.jpg,USB_Type_C
8f9513f7.jpg,USB_Type_C
cca60c81.jpg,USB_Type_C
b343a2a7.jpg,USB_Type_C
b8d4d60e.jpg,USB_Type_C
0b097d7e.jpg,USB_Type_C
b2f81797.jpg,USB_Type_C
f56ec1c0.jpg,USB_Type_C
affd60fe.jpg,USB_Type_C
e9285387.jpg,USB_Type_C
4ef14dad.jpg,USB_Type_C
cc92d11e.jpg,USB_Type_C
c4a452f8.jpg,USB_Type_C
5a42ce8e.jpg,USB_Type_C
dcd71bc1.jpg,USB_Type_C
ad18ce2a.jpg,USB_Type_C
4288a862.jpg,USB_Type_C
b6c4e5ba.jpg,USB_Type_C
b1f200df.jpg,USB_Type_C
f0a6eead.jpg,USB_Type_C
514319f3.jpg,USB_Type_C
73d16bdd.jpg,USB_Type_C
c4be3389.jpg,USB_Type_C
aaac7902.jpg,USB_Type_C
f3c22d21.jpg,USB_Type_C
f63475f1.jpg,USB_Type_C
1e7742a2.jpg,USB_Type_C
84054bc4.jpg,USB_Type_C
756127cf.jpg,USB_Type_C
10f75810.jpg,USB_Type_C
4c08c723.jpg,USB_Type_C
2a51eb86.jpg,USB_Type_C
84c6c236.jpg,USB_Type_C
a3e6bc04.jpg,USB_Type_C
c6a4d079.jpg,USB_Type_C
6f31555e.jpg,USB_Type_C
cdcb4024.jpg,USB_Type_C
e846d599.jpg,USB_Type_C
b980176c.jpg,USB_Type_C
4c61425f.jpg,USB_Type_C
15c84a87.jpg,USB_Type_C
562ee856.jpg,USB_Type_C
d56bfd9f.jpg,USB_Type_C
00ad7e2e.jpg,USB_Type_C
ffbed1f2.jpg,USB_Type_C
658350d0.jpg,USB_Type_C
5bc6f085.jpg,USB_Type_C
98dcbe34.jpg,USB_Type_C
070167a5.jpg,USB_Type_C
db4859f7.jpg,USB_Type_C
1c50287b.jpg,USB_Type_C
5e92efec.jpg,USB_Type_C
653ed7af.jpg,USB_Type_C
fef1f302.jpg,USB_Type_C
2ece38fb.jpg,USB_Type_C
0ca98f2e.jpg,USB_Type_C
4e5d36c6.jpg,USB_Type_C
ea0e94bd.jpg,USB_Type_C
85475eed.jpg,USB_Type_C
43dcb1e9.jpg,USB_Type_C
d364771e.jpg,USB_Type_C
7daa462c.jpg,USB_Type_C
32a097bc.jpg,USB_Type_C
5c622dc4.jpg,USB_Type_C
f0deff08.jpg,USB_Type_C
db3aa4aa.jpg,USB_Type_C
a4f49fe2.jpg,USB_Type_C
2dc3f48b.jpg,USB_Type_C
8a2bed6d.jpg,USB_Type_C
90ee6a61.jpg,USB_Type_C
98fd5cbf.jpg,USB_Type_C
28c55282.jpg,USB_Type_C
8db3705c.jpg,USB_Type_C
d098284f.jpg,USB_Type_C
384856b6.jpg,USB_Type_C
7c80a593.jpg,USB_Type_C
4d2cd3bd.jpg,USB_Type_C
872ff5a2.jpg,USB_Type_C
42183749.jpg,USB_Type_C
13e0d2a0.jpg,USB_Type_C
f6de9bb7.jpg,USB_Type_C
6078ac56.jpg,USB_Type_C
967d0c9a.jpg,USB_Type_C
dea6f92e.jpg,USB_Type_C
0c4a4e8b.jpg,USB_Type_C
4582de9b.jpg,USB_Type_C
4acff813.jpg,USB_Type_C
43e83ea4.jpg,USB_Type_C
b020154e.jpg,USB_Type_C
03e4a812.jpg,USB_Type_C
115c6034.jpg,USB_Type_C
63237894.jpg,USB_Type_C
6c3426c4.jpg,USB_Type_C
9e558a7d.jpg,USB_Type_C
448cec66.jpg,USB_Type_C
884acdd3.jpg,USB_Type_C
200d4874.jpg,USB_Type_C
31365e4e.jpg,USB_Type_C
fc24de34.jpg,USB_Type_C
20326846.jpg,USB_Type_C
7a7e0649.jpg,USB_Type_C
62547689.jpg,USB_Type_C
31118b37.jpg,USB_Type_C
484bd410.jpg,USB_Type_C
e83a778e.jpg,USB_Type_C
23422ea5.jpg,USB_Type_C
4a3689f5.jpg,USB_Type_C
12598cd4.jpg,USB_Type_C
b1522b7b.jpg,USB_Type_C
587406e1.jpg,USB_Type_C
0b909b96.jpg,USB_Type_C
fcb16b23.jpg,USB_Type_C
9c9e6e19.jpg,USB_Type_C
e73d714c.jpg,USB_Type_C
62096c34.jpg,USB_Type_C
3dae35a9.jpg,USB_Type_C
3f96bb15.jpg,USB_Type_C
3eb2c989.jpg,USB_Type_C
7e84b706.jpg,USB_Type_C
306e1605.jpg,USB_Type_C
bb1e8de0.jpg,USB_Type_C
e4fab55e.jpg,USB_Type_C
d34b606b.jpg,USB_Type_C
1bb007cb.jpg,USB_Type_C
8ce3bec0.jpg,USB_Type_C
0a65f652.jpg,USB_Type_C
8c99fd9f.jpg,USB_Type_C
4eae2d46.jpg,USB_Type_C
ceadcae4.jpg,USB_Type_C
4a5a3544.jpg,USB_Type_C
bbc3c7b6.jpg,USB_Type_C
8b13945f.jpg,USB_Type_C
